<?xml version="1.0" encoding="UTF-8"?>
<jcr:root xmlns:sling="http://sling.apache.org/jcr/sling/1.0" xmlns:granite="http://www.adobe.com/jcr/granite/1.0" xmlns:cq="http://www.day.com/jcr/cq/1.0" xmlns:jcr="http://www.jcp.org/jcr/1.0" xmlns:nt="http://www.jcp.org/jcr/nt/1.0"
    jcr:primaryType="nt:unstructured"
    jcr:title="Product"
    sling:resourceType="cq/gui/components/authoring/dialog">
    <content
        jcr:primaryType="nt:unstructured"
        sling:resourceType="granite/ui/components/coral/foundation/fixedcolumns">
        <items jcr:primaryType="nt:unstructured">
            <column
                jcr:primaryType="nt:unstructured"
                sling:resourceType="granite/ui/components/coral/foundation/container">
                <items jcr:primaryType="nt:unstructured">
                    <productType
                        cq:showOnCreate="{Boolean}true"
                        jcr:primaryType="nt:unstructured"
                        jcr:title="New / Feature"
                        sling:resourceType="granite/ui/components/coral/foundation/form/fieldset">
                        <items jcr:primaryType="nt:unstructured">
                            <feature
                                cq:showOnCreate="{Boolean}true"
                                granite:class="cq-dialog-dropdown-showhide"
                                jcr:primaryType="nt:unstructured"
                                sling:resourceType="granite/ui/components/coral/foundation/form/select"
                                allowBulkEdit="{Boolean}true"
                                fieldLabel="New / Feature"
                                name="./productType">
                                <items jcr:primaryType="nt:unstructured">
                                    <simple
                                        jcr:primaryType="nt:unstructured"
                                        text="Please Select"
                                        value="none"/>
                                    <new
                                        jcr:primaryType="nt:unstructured"
                                        text="New Product"
                                        value="newProduct"/>
                                    <feature
                                        jcr:primaryType="nt:unstructured"
                                        text="Feature Product"
                                        value="featureProduct"/>
                                </items>
                                <granite:data
                                    jcr:primaryType="nt:unstructured"
                                    cq-dialog-dropdown-showhide-target=".deactivationdate-show-hide"
                                    cq-msm-lockable="productType"/>
                            </feature>
                        </items>
                    </productType>
                    <deactivationDate
                        cq:showOnCreate="{Boolean}true"
                        granite:class="hide deactivationdate-show-hide"
                        jcr:primaryType="nt:unstructured"
                        jcr:title="New Product Expiration Date"
                        sling:resourceType="granite/ui/components/coral/foundation/form/fieldset">
                        <items jcr:primaryType="nt:unstructured">
                            <deactivationdate
                                jcr:primaryType="nt:unstructured"
                                sling:resourceType="granite/ui/components/coral/foundation/form/datepicker"
                                allowBulkEdit="{Boolean}true"
                                displayedFormat="MMMM DD, YYYY"
                                displayTimezoneMessage="{Boolean}true"
                                fieldDescription="Please select featured product expiration date. Scheduler will run at 12 AM everyDay"
                                fieldLabel="New Product Expiration Date"
                                minDate="today"
                                name="./newProductExpirationDate"
                                type="date">
                                <granite:data
                                    jcr:primaryType="nt:unstructured"
                                    cq-msm-lockable="newProductExpirationDate"/>
                            </deactivationdate>
                        </items>
                        <granite:data
                            jcr:primaryType="nt:unstructured"
                            showhidetargetvalue="newProduct"/>
                    </deactivationDate>
                    <featureDeactivationDate
                        cq:showOnCreate="{Boolean}true"
                        granite:class="hide deactivationdate-show-hide"
                        jcr:primaryType="nt:unstructured"
                        jcr:title="Feature Product Expiration Date"
                        sling:resourceType="granite/ui/components/coral/foundation/form/fieldset">
                        <items jcr:primaryType="nt:unstructured">
                            <featureDeactivationDate
                                jcr:primaryType="nt:unstructured"
                                sling:resourceType="granite/ui/components/coral/foundation/form/datepicker"
                                allowBulkEdit="{Boolean}true"
                                displayedFormat="MMMM DD, YYYY"
                                displayTimezoneMessage="{Boolean}true"
                                fieldDescription="Please select featured product expiration date. Scheduler will run at 12 AM everyDay"
                                fieldLabel="Feature Product Expiration Date"
                                minDate="today"
                                name="./featureProductExpirationDate"
                                type="date">
                                <granite:data
                                    jcr:primaryType="nt:unstructured"
                                    cq-msm-lockable="featuredProductExpirationDate"/>
                            </featureDeactivationDate>
                        </items>
                        <granite:data
                            jcr:primaryType="nt:unstructured"
                            showhidetargetvalue="featureProduct"/>
                    </featureDeactivationDate>
                    <assayType
                        cq:showOnCreate="{Boolean}true"
                        jcr:primaryType="nt:unstructured"
                        jcr:title="Product Type"
                        sling:resourceType="granite/ui/components/coral/foundation/form/fieldset">
                        <items jcr:primaryType="nt:unstructured">
                            <feature
                                cq:showOnCreate="{Boolean}true"
                                jcr:primaryType="nt:unstructured"
                                sling:resourceType="granite/ui/components/coral/foundation/form/select"
                                allowBulkEdit="{Boolean}true"
                                fieldLabel="Product Type"
                                name="./productFeatureType">
                                <items jcr:primaryType="nt:unstructured">
                                    <new
                                        jcr:primaryType="nt:unstructured"
                                        text="Fetured Assay"
                                        value="featuredAssay"/>
                                    <feature
                                        jcr:primaryType="nt:unstructured"
                                        text="Simple Assay"
                                        value="simpleAssay"/>
                                </items>
                                <granite:data
                                    jcr:primaryType="nt:unstructured"
                                    cq-msm-lockable="productFeatureType"/>
                            </feature>
                        </items>
                    </assayType>
                    <productlogo
                        cq:showOnCreate="{Boolean}true"
                        jcr:primaryType="nt:unstructured"
                        jcr:title="Product Logo Configuration"
                        sling:resourceType="granite/ui/components/coral/foundation/form/fieldset">
                        <items jcr:primaryType="nt:unstructured">
                            <logo
                                cq:showOnCreate="{Boolean}true"
                                jcr:primaryType="nt:unstructured"
                                sling:resourceType="granite/ui/components/coral/foundation/form/checkbox"
                                checked="{Boolean}true"
                                fieldDescription="Uncheck this if you don't want to display logo for this page"
                                fieldLabel="Enable Logo"
                                name="./logo"
                                text="Enable Logo"
                                uncheckedValue="false"
                                value="true"/>
                            <productLogoSelect
                                cq:showOnCreate="{Boolean}true"
                                jcr:primaryType="nt:unstructured"
                                sling:resourceType="granite/ui/components/coral/foundation/form/select"
                                allowBulkEdit="{Boolean}true"
                                fieldLabel="Select Product Logo"
                                name="./productLogoSelect">
                                <datasource
                                    jcr:primaryType="nt:unstructured"
                                    sling:resourceType="/apps/roche/diagnostics/components/productlogo/datasource.html"/>
                                <granite:data
                                    jcr:primaryType="nt:unstructured"
                                    cq-msm-lockable="productLogoSelect"/>
                            </productLogoSelect>
                        </items>
                    </productlogo>
                    <link
                        jcr:primaryType="nt:unstructured"
                        sling:resourceType="granite/ui/components/coral/foundation/form/textfield"
                        allowBulkEdit="{Boolean}true"
                        fieldLabel="System Specification Document Path"
                        name="./systemSpecificationDoc">
                        <granite:data
                            jcr:primaryType="nt:unstructured"
                            cq-msm-lockable="systemSpecificationDoc"/>
                    </link>
                    <brandtheme
                        cq:showOnCreate="{Boolean}true"
                        jcr:primaryType="nt:unstructured"
                        jcr:title="Page Theme Configuration"
                        sling:resourceType="granite/ui/components/coral/foundation/form/fieldset">
                        <items jcr:primaryType="nt:unstructured">
                            <brandThemeSelect
                                cq:showOnCreate="{Boolean}true"
                                jcr:primaryType="nt:unstructured"
                                sling:resourceType="granite/ui/components/coral/foundation/form/select"
                                allowBulkEdit="{Boolean}true"
                                fieldLabel="Select Brand Theme"
                                name="./brandThemeSelect">
                                <datasource
                                    jcr:primaryType="nt:unstructured"
                                    sling:resourceType="/apps/roche/diagnostics/components/brandtheme/datasource.html"/>
                                <granite:data
                                    jcr:primaryType="nt:unstructured"
                                    cq-msm-lockable="brandThemeSelect"/>
                            </brandThemeSelect>
                        </items>
                    </brandtheme>
                    <productId
                        jcr:primaryType="nt:unstructured"
                        sling:resourceType="granite/ui/components/coral/foundation/form/textfield"
                        allowBulkEdit="{Boolean}true"
                        fieldLabel="Product Id"
                        name="./productId"/>
                    <status
                        jcr:primaryType="nt:unstructured"
                        sling:resourceType="granite/ui/components/coral/foundation/form/textfield"
                        allowBulkEdit="{Boolean}true"
                        disabled="{Boolean}true"
                        fieldLabel="Product Status"
                        name="./status"/>
                </items>
            </column>
        </items>
    </content>
</jcr:root>
